Datetime,Water Level (m)
2026-04-27 00:00:00,0.6736932
2026-04-27 01:00:00,0.7302789
2026-04-27 02:00:00,0.62329996
2026-04-27 03:00:00,0.33196783
2026-04-27 04:00:00,-0.115839556
2026-04-27 05:00:00,-0.51879233
2026-04-27 06:00:00,-0.69005543
2026-04-27 07:00:00,-0.77353483
2026-04-27 08:00:00,-0.7456767
2026-04-27 09:00:00,-0.4899043
2026-04-27 10:00:00,0.016813423
2026-04-27 11:00:00,0.4068139
2026-04-27 12:00:00,0.63139015
2026-04-27 13:00:00,0.768734
2026-04-27 14:00:00,0.678357
2026-04-27 15:00:00,0.36603618
2026-04-27 16:00:00,-0.052031837
2026-04-27 17:00:00,-0.4608106
2026-04-27 18:00:00,-0.8517066
2026-04-27 19:00:00,-1.1209123
2026-04-27 20:00:00,-1.1383322
2026-04-27 21:00:00,-0.80155504
2026-04-27 22:00:00,-0.42131475
2026-04-27 23:00:00,0.07679281
2026-04-28 00:00:00,0.5334454
2026-04-28 01:00:00,0.7312437
2026-04-28 02:00:00,0.757159
2026-04-28 03:00:00,0.6252919
2026-04-28 04:00:00,0.29386398
2026-04-28 05:00:00,-0.16959079
2026-04-28 06:00:00,-0.5746721
2026-04-28 07:00:00,-0.78423685
2026-04-28 08:00:00,-1.0240204
2026-04-28 09:00:00,-0.91990376
2026-04-28 10:00:00,-0.36047962
2026-04-28 11:00:00,0.015172786
2026-04-28 12:00:00,0.33001444
2026-04-28 13:00:00,0.7190213
2026-04-28 14:00:00,0.9633412
2026-04-28 15:00:00,0.66607106
2026-04-28 16:00:00,0.39626583
2026-04-28 17:00:00,-0.19430202
2026-04-28 18:00:00,-0.73389906
2026-04-28 19:00:00,-1.1230466
2026-04-28 20:00:00,-1.2187104
2026-04-28 21:00:00,-1.0668844
2026-04-28 22:00:00,-0.69614416
2026-04-28 23:00:00,-0.16631342
2026-04-29 00:00:00,0.425005
2026-04-29 01:00:00,0.73814946
2026-04-29 02:00:00,0.9277123
2026-04-29 03:00:00,0.88879585
2026-04-29 04:00:00,0.56779885
2026-04-29 05:00:00,0.08879065
2026-04-29 06:00:00,-0.3846521
2026-04-29 07:00:00,-0.7200609
2026-04-29 08:00:00,-1.0147052
2026-04-29 09:00:00,-1.1110067
2026-04-29 10:00:00,-0.8274529
2026-04-29 11:00:00,-0.4131487
2026-04-29 12:00:00,0.05637465
2026-04-29 13:00:00,0.5273395
2026-04-29 14:00:00,0.8510942
2026-04-29 15:00:00,0.8968602
2026-04-29 16:00:00,0.61653876
2026-04-29 17:00:00,0.12386396
2026-04-29 18:00:00,-0.43129778
2026-04-29 19:00:00,-0.8952255
2026-04-29 20:00:00,-1.2413118
2026-04-29 21:00:00,-1.3247416
2026-04-29 22:00:00,-1.1605651
2026-04-29 23:00:00,-0.56283915
2026-04-30 00:00:00,0.08600032
2026-04-30 01:00:00,0.6887996
2026-04-30 02:00:00,1.0271909
2026-04-30 03:00:00,1.1181793
2026-04-30 04:00:00,0.9517207
2026-04-30 05:00:00,0.48502883
2026-04-30 06:00:00,-0.047406107
2026-04-30 07:00:00,-0.55370414
2026-04-30 08:00:00,-0.9141725
2026-04-30 09:00:00,-1.1194103
2026-04-30 10:00:00,-1.0910308
2026-04-30 11:00:00,-0.6704746
2026-04-30 12:00:00,-0.15181306
2026-04-30 13:00:00,0.4437634
2026-04-30 14:00:00,0.87989724
2026-04-30 15:00:00,1.0431198
2026-04-30 16:00:00,0.82984203
2026-04-30 17:00:00,0.4105203
2026-04-30 18:00:00,-0.17652364
2026-04-30 19:00:00,-0.71052325
2026-04-30 20:00:00,-1.0916215
2026-04-30 21:00:00,-1.3098174
2026-04-30 22:00:00,-1.2504009
2026-04-30 23:00:00,-0.8105384
2026-05-01 00:00:00,-0.17327574
2026-05-01 01:00:00,0.43195477
2026-05-01 02:00:00,0.9461161
2026-05-01 03:00:00,1.1469436
2026-05-01 04:00:00,1.1246872
2026-05-01 05:00:00,0.8099996
2026-05-01 06:00:00,0.30410337
2026-05-01 07:00:00,-0.25900793
2026-05-01 08:00:00,-0.70762837
2026-05-01 09:00:00,-1.0087811
2026-05-01 10:00:00,-1.1536698
2026-05-01 11:00:00,-1.0039809
2026-05-01 12:00:00,-0.42090306
2026-05-01 13:00:00,0.14354898
2026-05-01 14:00:00,0.6701907
2026-05-01 15:00:00,0.8968276
2026-05-01 16:00:00,0.8982491
2026-05-01 17:00:00,0.6590637
2026-05-01 18:00:00,0.08541672
2026-05-01 19:00:00,-0.55268323
2026-05-01 20:00:00,-0.9861031
2026-05-01 21:00:00,-1.2531193
2026-05-01 22:00:00,-1.3180349
2026-05-01 23:00:00,-1.1485047
2026-05-02 00:00:00,-0.5309553
2026-05-02 01:00:00,0.1284043
2026-05-02 02:00:00,0.68625456
2026-05-02 03:00:00,1.062066
2026-05-02 04:00:00,1.1940541
2026-05-02 05:00:00,1.0178837
2026-05-02 06:00:00,0.59641236
2026-05-02 07:00:00,0.056743205
2026-05-02 08:00:00,-0.49653983
2026-05-02 09:00:00,-0.8682566
2026-05-02 10:00:00,-1.0759135
2026-05-02 11:00:00,-1.0446833
2026-05-02 12:00:00,-0.64958173
2026-05-02 13:00:00,-0.12870352
2026-05-02 14:00:00,0.42437032
2026-05-02 15:00:00,0.7661487
2026-05-02 16:00:00,0.9259439
2026-05-02 17:00:00,0.82801646
2026-05-02 18:00:00,0.40980315
2026-05-02 19:00:00,-0.21580349
2026-05-02 20:00:00,-0.7288465
2026-05-02 21:00:00,-1.0675014
2026-05-02 22:00:00,-1.276894
2026-05-02 23:00:00,-1.2612879
2026-05-03 00:00:00,-0.89031696
